,NMOS $N_{SUB}$,PMOS $N_{SUB}$
,2.71120729551073E+016,4.30803347969303E+016
