,NMOS $\gamma$,PMOS $\gamma$
,0.8489624388, 0.4823458809
